{
  "energy": 0.9199999999999999,
  "engagement": 0.8199999999999998,
  "patience": 0.98,
  "mood": 0.7319999999999999,
  "last_interaction": "2026-04-30T17:15:14.818636+00:00",
  "last_initiation": null
}